{"stats":{"minecraft:custom":{"minecraft:interact_with_smithing_table":7,"minecraft:interact_with_anvil":2,"minecraft:mob_kills":158,"minecraft:animals_bred":1,"minecraft:interact_with_crafting_table":77,"minecraft:open_barrel":6,"minecraft:leave_game":21,"minecraft:time_since_death":407317,"minecraft:climb_one_cm":5972,"minecraft:damage_blocked_by_shield":780,"minecraft:sprint_one_cm":1337443,"minecraft:walk_one_cm":751212,"minecraft:drop":38,"minecraft:talked_to_villager":4,"minecraft:sneak_time":2543,"minecraft:walk_under_water_one_cm":3920,"minecraft:interact_with_brewingstand":1,"minecraft:jump":3456,"minecraft:walk_on_water_one_cm":17705,"minecraft:interact_with_furnace":36,"minecraft:play_record":3,"minecraft:play_one_minute":407317,"minecraft:sleep_in_bed":17,"minecraft:time_since_rest":2285,"minecraft:damage_taken":7000,"minecraft:damage_absorbed":277,"minecraft:damage_dealt":30350,"minecraft:swim_one_cm":9715,"minecraft:fly_one_cm":907971,"minecraft:player_kills":1,"minecraft:open_chest":244,"minecraft:crouch_one_cm":5524,"minecraft:fall_one_cm":85399},"minecraft:dropped":{"minecraft:bread":3,"minecraft:iron_sword":1,"minecraft:wheat_seeds":7,"minecraft:mossy_cobblestone":8,"minecraft:oak_fence":1,"minecraft:iron_helmet":2,"chococraft:chocopedia":2,"minecraft:coal":10,"minecraft:dirt":7,"minecraft:iron_leggings":1,"minecraft:bone":2,"minecraft:blue_terracotta":2,"minecraft:rotten_flesh":26,"minecraft:iron_boots":3,"minecraft:gunpowder":1,"byg:rocky_stone":15,"travelersbackpack:iron_golem":1,"minecraft:iron_bars":15,"minecraft:arrow":9,"minecraft:bow":3,"minecraft:purple_carpet":1},"minecraft:picked_up":{"minecraft:iron_chestplate":2,"chococraft:loverly_gysahl_green":22,"minecraft:charcoal":6,"minecraft:coarse_dirt":8,"minecraft:crafting_table":10,"minecraft:wheat":5,"minecraft:purple_wool":3,"minecraft:redstone_block":24,"minecraft:smithing_table":4,"minecraft:lead":4,"minecraft:oak_stairs":4,"byg:amaranth":1,"minecraft:stone_brick_stairs":2,"minecraft:brewing_stand":1,"minecraft:music_disc_cat":2,"minecraft:string":17,"minecraft:iron_axe":1,"minecraft:flint_and_steel":1,"minecraft:iron_leggings":1,"minecraft:cracked_stone_bricks":4,"minecraft:gold_nugget":3,"travelersbackpack:enderman":8,"minecraft:spruce_planks":10,"minecraft:beef":15,"minecraft:cyan_wool":11,"minecraft:poppy":1,"minecraft:coal_block":35,"minecraft:chest":1,"minecraft:iron_boots":1,"minecraft:furnace":3,"minecraft:tipped_arrow":2,"minecraft:stick":2,"minecraft:stone":1,"minecraft:jukebox":1,"minecraft:torch":200,"minecraft:fire_charge":1,"minecraft:porkchop":4,"minecraft:stone_button":1,"minecraft:carrot":1,"minecraft:golden_chestplate":1,"minecraft:cauldron":1,"minecraft:stone_pressure_plate":1,"minecraft:brown_carpet":1,"minecraft:arrow":31,"minecraft:rotten_flesh":38,"minecraft:nether_bricks":2,"minecraft:hay_block":28,"chococraft:chocobo_drumstick_raw":1,"minecraft:obsidian":1,"minecraft:mutton":9,"minecraft:iron_bars":23,"byg:rocky_stone":15,"minecraft:white_wool":8,"minecraft:cobblestone":144,"minecraft:magma_block":2,"byg:purple_amaranth":1,"minecraft:andesite":10,"minecraft:brown_wool":2,"minecraft:leather":14,"minecraft:red_mushroom":1,"minecraft:potato":43,"minecraft:flint":2,"minecraft:oak_log":67,"minecraft:chainmail_chestplate":1,"minecraft:gunpowder":4,"minecraft:dirt":118,"minecraft:polished_granite":1,"minecraft:purple_carpet":2,"chococraft:chocobo_feather":9,"securitycraft:reinforced_stone_button":16,"minecraft:glass":50,"minecraft:bone":31,"chococraft:chocopedia":2,"chococraft:gysahl_green":313,"minecraft:apple":3,"chococraft:gold_gysahl":3,"minecraft:bow":4,"minecraft:wheat_seeds":19,"minecraft:mossy_stone_bricks":3,"minecraft:oak_planks":14,"minecraft:soul_sand":15,"minecraft:book":6,"minecraft:music_disc_13":1,"minecraft:dandelion":2,"minecraft:sand":43,"chococraft:gysahl_green_seeds":128,"minecraft:spruce_sapling":1,"minecraft:spruce_log":4,"minecraft:cyan_bed":7,"minecraft:spider_eye":5,"minecraft:mossy_cobblestone":13,"minecraft:blue_terracotta":5,"minecraft:purple_bed":1,"minecraft:iron_helmet":1,"minecraft:mossy_cobblestone_stairs":1,"minecraft:golden_apple":1,"minecraft:gray_wool":2,"minecraft:emerald":1,"minecraft:bread":15,"minecraft:baked_potato":31,"minecraft:damaged_anvil":2,"minecraft:netherrack":13,"minecraft:coal":59,"minecraft:ender_pearl":1},"minecraft:mined":{"minecraft:spruce_planks":10,"minecraft:stone_pressure_plate":1,"minecraft:mossy_cobblestone":20,"minecraft:brewing_stand":2,"minecraft:nether_bricks":4,"minecraft:stone_button":1,"minecraft:grass_block":41,"minecraft:brown_wool":2,"minecraft:coal_block":38,"minecraft:spruce_leaves":2,"minecraft:spawner":55,"minecraft:hay_block":28,"minecraft:magma_block":4,"minecraft:furnace":3,"minecraft:mossy_cobblestone_stairs":1,"minecraft:fire":1,"minecraft:andesite":10,"minecraft:mossy_stone_brick_stairs":2,"minecraft:bookshelf":2,"chococraft:gysahl_green":127,"minecraft:vine":7,"minecraft:iron_bars":27,"minecraft:purple_carpet":1,"byg:rocky_stone":15,"minecraft:stone":95,"minecraft:smithing_table":4,"minecraft:podzol":1,"minecraft:redstone_block":25,"minecraft:soul_sand":20,"minecraft:brown_carpet":1,"minecraft:dandelion":2,"minecraft:crafting_table":10,"minecraft:torch":81,"minecraft:chest":1,"minecraft:poppy":1,"byg:amaranth":1,"minecraft:tall_grass":5,"minecraft:cobblestone":11,"minecraft:cyan_bed":7,"minecraft:damaged_anvil":2,"minecraft:oak_planks":19,"minecraft:bricks":2,"minecraft:iron_door":1,"minecraft:wall_torch":26,"minecraft:cauldron":1,"minecraft:purple_wool":1,"minecraft:cyan_wool":11,"minecraft:gray_wool":2,"minecraft:purple_bed":1,"minecraft:blue_terracotta":5,"byg:orchard_leaves":1,"minecraft:spruce_log":4,"minecraft:jukebox":1,"byg:short_grass":1,"byg:purple_amaranth":2,"minecraft:stone_brick_stairs":6,"minecraft:grass":54,"minecraft:coal_ore":35,"minecraft:oak_log":68,"byg:ripe_orchard_leaves":2,"minecraft:sand":41,"minecraft:dirt":25,"minecraft:cracked_stone_bricks":6,"minecraft:stone_bricks":3,"minecraft:netherrack":38,"travelersbackpack:enderman":7,"minecraft:mossy_stone_bricks":8},"minecraft:killed":{"minecraft:cave_spider":4,"minecraft:spider":17,"minecraft:vindicator":2,"betteranimalsplus:boar":4,"minecraft:skeleton":24,"betteranimalsplus:goat":4,"minecraft:creeper":1,"minecraft:pillager":19,"minecraft:zombie":44,"minecraft:stray":10,"minecraft:wither_skeleton":4,"chococraft:chocobo":1,"minecraft:cow":8,"minecraft:enderman":3},"minecraft:used":{"minecraft:oak_fence":2,"minecraft:iron_bars":4,"minecraft:stone_shovel":70,"minecraft:poppy":1,"minecraft:chest":4,"minecraft:spruce_planks":33,"minecraft:shield":25,"minecraft:stone":6,"minecraft:iron_sword":353,"customnpcs:npcwand":1,"minecraft:netherrack":1,"minecraft:torch":351,"minecraft:dirt":91,"securitycraft:keypad_item":2,"minecraft:nether_bricks":2,"minecraft:carrot":1,"minecraft:music_disc_13":1,"minecraft:cyan_wool":8,"minecraft:lava_bucket":11,"minecraft:iron_axe":394,"byg:amaranth":1,"minecraft:brown_carpet":1,"minecraft:beef":15,"minecraft:furnace":4,"minecraft:gold_block":7,"minecraft:cooked_beef":10,"minecraft:potato":5,"travelersbackpack:enderman":22,"minecraft:cooked_mutton":9,"minecraft:water_bucket":24,"minecraft:baked_potato":48,"minecraft:oak_planks":88,"travelersbackpack:iron_golem":4,"minecraft:cauldron":1,"minecraft:golden_apple":8,"minecraft:sand":9,"minecraft:mossy_cobblestone":3,"minecraft:music_disc_cat":2,"minecraft:crafting_table":11,"minecraft:redstone_torch":4,"minecraft:diamond_pickaxe":191,"minecraft:wooden_hoe":51,"minecraft:apple":3,"minecraft:diamond_shovel":47,"chococraft:gysahl_green_seeds":170,"travelersbackpack:bookshelf":5,"minecraft:bread":55,"minecraft:cyan_bed":8,"minecraft:iron_pickaxe":278,"minecraft:brown_wool":2,"minecraft:stone_button":1,"minecraft:spruce_sapling":1,"minecraft:cobblestone":87,"minecraft:purple_bed":1,"travelersbackpack:standard":2,"byg:purple_amaranth":1,"minecraft:jukebox":1,"chococraft:gysahl_green":8,"minecraft:smithing_table":4,"minecraft:bucket":36,"minecraft:bone_meal":178,"minecraft:purple_carpet":1,"minecraft:experience_bottle":32},"minecraft:broken":{"minecraft:iron_axe":2,"minecraft:iron_helmet":1},"minecraft:crafted":{"minecraft:oak_planks":36,"minecraft:stone_shovel":1,"minecraft:redstone":9,"minecraft:furnace":2,"minecraft:stone_button":16,"minecraft:stone":22,"minecraft:bone_meal":189,"securitycraft:keypad_item":2,"minecraft:heavy_weighted_pressure_plate":2,"travelersbackpack:blank_upgrade":4,"travelersbackpack:gold_tier_upgrade":1,"minecraft:cooked_mutton":9,"minecraft:glass_pane":16,"securitycraft:laser_block":1,"minecraft:glass":12,"minecraft:iron_boots":1,"minecraft:iron_axe":3,"securitycraft:universal_block_remover":1,"minecraft:chest":4,"minecraft:dark_oak_planks":24,"minecraft:oak_fence":3,"minecraft:lead":2,"travelersbackpack:bookshelf":1,"travelersbackpack:iron_tier_upgrade":1,"minecraft:crafting_table":1,"minecraft:spruce_planks":16,"travelersbackpack:backpack_tank":2,"travelersbackpack:standard":1,"minecraft:baked_potato":7,"minecraft:cyan_bed":1,"minecraft:iron_helmet":1,"minecraft:smithing_table":1,"chococraft:chocopedia":1,"minecraft:gold_block":18,"minecraft:bucket":2,"minecraft:air":0,"minecraft:bread":18,"minecraft:iron_chestplate":3,"minecraft:wooden_hoe":1,"minecraft:gold_nugget":27,"minecraft:stick":20,"minecraft:iron_ingot":12,"minecraft:iron_block":8,"minecraft:iron_leggings":3,"minecraft:gold_ingot":8,"chococraft:chocobo_saddle":2,"chococraft:gysahl_green_seeds":44,"minecraft:torch":140,"minecraft:shears":1,"securitycraft:universal_block_reinforcer_lvl1":1}},"DataVersion":2586}