{"stats":{"minecraft:killed_by":{"minecraft:player":1,"minecraft:skeleton":1,"minecraft:creeper":2,"minecraft:zombie":6},"minecraft:mined":{"minecraft:podzol":1,"byg:jacaranda_bush":1,"minecraft:crafting_table":2,"byg:flowering_jacaranda_bush":2,"minecraft:grass_block":115,"byg:jacaranda_log":2,"byg:amaranth":2,"minecraft:chest":1,"minecraft:rose_bush":1,"byg:willow_log":4,"minecraft:oak_planks":1,"minecraft:wall_torch":2,"minecraft:large_fern":1,"byg:jacaranda_leaves":5,"minecraft:coarse_dirt":1,"byg:cyan_amaranth":2,"byg:flowering_indigo_jacaranda_bush":2,"minecraft:spruce_log":8,"byg:short_grass":24,"byg:flowering_jacaranda_leaves":2,"create:copper_ore":25,"byg:purple_amaranth":9,"minecraft:brown_bed":1,"minecraft:grass":94,"byg:indigo_jacaranda_bush":6,"minecraft:sand":1,"minecraft:dirt":7,"byg:orange_amaranth":1,"minecraft:stone":52},"minecraft:used":{"byg:flowering_jacaranda_bush":2,"minecraft:stone_shovel":103,"minecraft:oak_sign":1,"minecraft:chest":2,"minecraft:iron_sword":17,"minecraft:torch":4,"minecraft:dirt":6,"byg:indigo_jacaranda_bush":6,"minecraft:crafting_table":3,"byg:flowering_indigo_jacaranda_bush":1,"minecraft:bread":6,"minecraft:iron_pickaxe":172,"minecraft:brown_bed":1},"minecraft:crafted":{"byg:jacaranda_planks":8,"minecraft:stone_shovel":1,"minecraft:oak_sign":3,"minecraft:crafting_table":1,"minecraft:spruce_planks":8,"byg:willow_planks":16,"minecraft:spruce_wood":3,"minecraft:stick":8,"minecraft:chest":1,"minecraft:torch":4},"minecraft:killed":{"minecraft:zombie":3},"minecraft:picked_up":{"minecraft:coarse_dirt":1,"minecraft:charcoal":22,"minecraft:crafting_table":2,"travelersbackpack:iron_golem":1,"byg:flowering_jacaranda_bush":4,"minecraft:wheat":1,"byg:purple_amaranth":16,"byg:flowering_indigo_jacaranda_bush":3,"minecraft:lead":1,"minecraft:brown_bed":3,"mca:book_rose_gold":1,"byg:amaranth":12,"minecraft:gunpowder":2,"mca:book_romance":1,"byg:magenta_amaranth":8,"minecraft:dirt":148,"minecraft:string":1,"byg:cyan_amaranth":6,"minecraft:iron_leggings":1,"minecraft:experience_bottle":2,"minecraft:bone":1,"create:copper_ore":25,"minecraft:oak_sign":2,"minecraft:wheat_seeds":31,"minecraft:iron_ingot":3,"minecraft:rose_bush":2,"minecraft:iron_pickaxe":3,"byg:jacaranda_log":2,"minecraft:chest":1,"minecraft:oak_planks":1,"minecraft:iron_sword":1,"byg:willow_log":4,"minecraft:iron_boots":2,"minecraft:stick":1,"byg:indigo_jacaranda_bush":6,"byg:jacaranda_bush":1,"minecraft:torch":9,"minecraft:sand":1,"minecraft:spruce_log":16,"minecraft:rotten_flesh":22,"byg:orange_amaranth":6,"minecraft:iron_helmet":2,"minecraft:bread":9,"minecraft:cobblestone":54},"minecraft:custom":{"minecraft:mob_kills":4,"minecraft:interact_with_crafting_table":6,"minecraft:play_one_minute":95287,"minecraft:leave_game":6,"minecraft:time_since_death":8090,"minecraft:sleep_in_bed":5,"minecraft:climb_one_cm":669,"minecraft:time_since_rest":8134,"minecraft:sprint_one_cm":183403,"minecraft:damage_taken":5227,"minecraft:walk_one_cm":236976,"minecraft:damage_dealt":2055,"minecraft:swim_one_cm":402,"minecraft:talked_to_villager":1,"minecraft:fly_one_cm":277146,"minecraft:open_chest":12,"minecraft:crouch_one_cm":557,"minecraft:deaths":19,"minecraft:sneak_time":384,"minecraft:walk_under_water_one_cm":1326,"minecraft:jump":1671,"minecraft:walk_on_water_one_cm":19567,"minecraft:fall_one_cm":43767}},"DataVersion":2586}