{
  "dungeons_arise:wda_root": {
    "criteria": {
      "WDA": "2024-05-27 22:07:41 +0000"
    },
    "done": true
  },
  "betteranimalsplus:bad_fox": {
    "criteria": {
      "no_bam": "2024-05-27 22:07:46 +0000"
    },
    "done": false
  },
  "betteranimalsplus:root": {
    "criteria": {
      "tick": "2024-05-27 22:07:41 +0000"
    },
    "done": true
  },
  "create:root": {
    "criteria": {
      "0": "2024-05-27 22:08:06 +0000"
    },
    "done": true
  },
  "rats:rats/root": {
    "criteria": {
      "tick": "2024-05-27 22:07:41 +0000"
    },
    "done": true
  },
  "minecraft:adventure/adventuring_time": {
    "criteria": {
      "minecraft:taiga": "2024-05-27 22:07:41 +0000"
    },
    "done": false
  },
  "DataVersion": 2586
}